{"hidden_channels": 32, "num_layers": 2, "dropout": 0.5576981004967763, "lr": 0.02248312149962433, "optimizer": "SGD"}