{"hidden_channels": 112, "num_layers": 2, "dropout": 0.9030474048907354, "lr": 0.049005427999940995, "optimizer": "Adam"}