{"hidden_channels": 128, "num_layers": 5, "dropout": 0.13416199883221516, "lr": 0.0004746580120567084, "optimizer": "RMSprop"}