{"hidden_channels": 112, "num_layers": 1, "dropout": 0.7181832331748782, "lr": 0.0010818598730726425, "optimizer": "RMSprop"}