{"hidden_channels": 112, "num_layers": 3, "dropout": 0.44757037528211774, "lr": 0.08547636866518751, "optimizer": "Adam"}