{"hidden_channels": 48, "num_layers": 1, "dropout": 0.45350510827075574, "lr": 0.009267046338540275, "optimizer": "RMSprop"}