{"hidden_channels": 112, "num_layers": 4, "dropout": 0.8351289762638607, "lr": 0.019197129931677413, "optimizer": "Adam"}