{"hidden_channels": 32, "num_layers": 6, "dropout": 0.22151928606395355, "lr": 0.04229366082050829, "optimizer": "Adam"}