{"hidden_channels": 48, "num_layers": 2, "dropout": 0.11755051973172644, "lr": 0.03918572459271942, "optimizer": "RMSprop"}