{"hidden_channels": 112, "num_layers": 1, "dropout": 0.5724462370409813, "lr": 0.019493857118768946, "optimizer": "RMSprop"}