{"hidden_channels": 80, "num_layers": 1, "dropout": 0.12734206933696982, "lr": 0.006245135457110569, "optimizer": "Adam"}