{"hidden_channels": 16, "num_layers": 3, "dropout": 0.33195948048325913, "lr": 0.06283243666686876, "optimizer": "SGD"}