{"hidden_channels": 16, "num_layers": 2, "dropout": 0.9851413876457072, "lr": 0.0008451018950939582, "optimizer": "SGD"}