{"hidden_channels": 112, "num_layers": 2, "dropout": 0.8682381880192201, "lr": 0.05907422605954526, "optimizer": "SGD"}